ID,Site,MAT,MAP,LUIlevel,LUIwT,Nit,Mow,Graze,Till,Sand,Silt,Clay,pH,BD,totN,totC,CN,totP,CUE_G,CUE_N,13CO2_G,13CO2_N,13MBC_G,13MBC_N,deltapH,deltaBD,deltaCUE_G,deltaCUE_N,delta13CO2_G,delta13CO2_N,delta13MBC_G,delta13MBC_N,16Spcoa1,16Spcoa2,ITSpcoa1,ITSpcoa2,CUEG:CUEN,qCO2G,growthG,qBiomassC,TOG,CNGrowthR,qCO2N,growthN,qBiomassN,TON
KA1,aCrainlarich,5.45,1401.5,xHigh,5.19,1.07,0.6,1.44,2.08,65.62,28.42,5.96,6.38,1.32,0.16,2.08,11.37,1302.24,0.48,0.15,9.59,1.18,8.82,0.22,1.09,0.57,-0.19,-0.26,0.89,0.67,-9.66,-0.04,-0.126227504,-0.00323024,-0.106219744,0.092137944,1.85,13.23,741.59,24.53,214.92,27.97,12.82,26.51,6.93,60.75
KA2,aCrainlarich,5.45,1401.5,xHigh,5.19,1.07,0.6,1.44,2.08,65.62,28.42,5.96,6.38,0.93,0.29,3.74,10.98,1844.94,0.62,0.27,7.19,1.52,11.66,0.55,1.09,0.18,-0.05,-0.15,-1.51,1.01,-6.82,0.3,-0.087992144,-0.007589668,-0.054662464,-0.011284514,5.08,9.91,492.94,16.31,142.86,55.8,16.56,8.83,2.31,20.24
KA3,aCrainlarich,5.45,1401.5,xHigh,5.19,1.07,0.6,1.44,2.08,65.62,28.42,5.96,6.31,0.97,0.66,7.97,10.37,1414.7,0.72,0.25,6.24,1.13,16.06,0.38,1.02,0.22,0.05,-0.17,-2.46,0.63,-2.42,0.12,-0.179316988,0.028591683,-0.171892336,0.095467947,2.59,8.6,713.56,23.61,206.8,38.24,12.34,18.66,4.88,42.75
KA4,aCrainlarich,5.45,1401.5,xHigh,5.19,1.07,0.6,1.44,2.08,65.62,28.42,5.96,6.26,0.97,0.28,3.38,10.22,1714.86,0.65,0.3,6.4,0.79,11.97,0.34,0.97,0.22,-0.02,-0.12,-2.31,0.29,-6.51,0.09,-0.163201685,0.037035736,-0.118497752,0.104771476,1.99,8.82,541.95,17.93,157.06,32.34,8.61,16.76,4.38,38.4
KA5,aCrainlarich,5.45,1401.5,xHigh,5.19,1.07,0.6,1.44,2.08,65.62,28.42,5.96,6.32,0.78,0.45,6.38,12.03,1814.68,0.65,0.23,7.84,1.36,14.3,0.39,1.03,0.03,-0.02,-0.19,-0.86,0.85,-4.18,0.14,-0.152218484,0.065609263,-0.086045142,0.110741623,2.85,10.8,358.87,11.87,104,28.16,14.82,12.74,3.33,29.2
KG1,aCrainlarich,5.45,1401.5,Low,0.49,0,0,0.49,0,71.53,20.34,8.13,5.33,0.47,0.96,13.31,11.92,2794,0.73,,10.07,0.86,26.91,,0.04,-0.28,0.06,-0.42,1.37,0.35,8.43,-0.26,-0.232336316,-0.379002277,-0.143909853,-0.196080491,,3.82,503.67,4.58,40.15,,0.45,,,
KG2,aCrainlarich,5.45,1401.5,Low,0.49,0,0,0.49,0,71.53,20.34,8.13,5.75,0.62,0.74,9.28,10.78,1339.24,0.74,0.13,7.93,0.68,22.01,0.11,0.46,-0.13,0.07,-0.29,-0.77,0.17,3.53,-0.15,-0.196781324,-0.405759914,-0.110722411,-0.208344364,3.1,3.01,671.19,6.11,53.51,86.21,0.36,7.79,0.1,0.86
KG3,aCrainlarich,5.45,1401.5,Low,0.49,0,0,0.49,0,71.53,20.34,8.13,5.17,0.91,0.27,3.43,10.77,564.56,0.63,0.69,8.36,0.13,14.01,0.29,-0.12,0.16,-0.04,0.27,-0.34,-0.37,-4.47,0.03,-0.259385306,-0.368142337,-0.199664261,-0.265011943,0.95,3.17,1299.52,11.83,103.6,48.73,0.07,26.67,0.34,2.96
KG4,aCrainlarich,5.45,1401.5,Low,0.49,0,0,0.49,0,71.53,20.34,8.13,4.8,0.9,0.38,4.82,10.92,668.57,0.55,0.52,10.05,0.33,12.31,0.36,-0.49,0.15,-0.12,0.1,1.35,-0.17,-6.17,0.1,-0.273163766,-0.281727484,-0.244358096,-0.200287438,1.12,3.81,1622.84,14.77,129.38,47.78,0.18,33.96,0.43,3.76
KG5,aCrainlarich,5.45,1401.5,Low,0.49,0,0,0.49,0,71.53,20.34,8.13,5.38,0.84,0.48,5.85,10.52,707.64,0.71,0.34,7.1,0.53,17.16,0.27,0.09,0.1,0.04,-0.08,-1.6,0.02,-1.32,0.02,-0.201879161,-0.352522518,-0.095787443,-0.226234526,2.46,2.69,1115.76,10.15,88.95,106.65,0.28,10.46,0.13,1.16
KM1,aCrainlarich,5.45,1401.5,Mid,1.96,0.98,0,0.98,0,73.84,18.42,7.74,5.98,1.13,0.31,2.89,8.05,1310.62,0.57,0.17,6.43,0.6,8.46,0.12,0.69,0.39,-0.1,-0.25,-2.28,0.1,-10.02,-0.13,-0.169758971,0.078839784,-0.162173514,0.108918102,1.94,4.05,588.63,8.89,77.9,42.46,0.68,13.86,0.37,3.28
KM2,aCrainlarich,5.45,1401.5,Mid,1.96,0.98,0,0.98,0,73.84,18.42,7.74,6.19,0.93,0.32,4.14,11.11,2232.71,0.67,0.29,7.23,0.99,14.78,0.4,0.9,0.18,0,-0.13,-1.47,0.48,-3.7,0.14,-0.138980088,0.085878338,-0.141664449,0.118596195,2.17,4.55,544.59,8.23,72.08,31.31,1.11,17.39,0.47,4.12
KM3,aCrainlarich,5.45,1401.5,Mid,1.96,0.98,0,0.98,0,73.84,18.42,7.74,6.16,0.81,0.4,5.24,11.29,1418.05,0.68,0.19,6.09,1.26,12.64,0.29,0.87,0.06,0.01,-0.23,-2.62,0.76,-5.84,0.04,-0.148958066,0.061637582,-0.066515526,0.061492819,3.95,3.83,370.11,5.59,48.98,39.82,1.42,9.3,0.25,2.2
KM4,aCrainlarich,5.45,1401.5,Mid,1.96,0.98,0,0.98,0,73.84,18.42,7.74,6.22,0.94,0.34,4.07,10.33,872.22,0.64,0.27,5.97,1.25,10.73,0.46,0.93,0.19,-0.03,-0.15,-2.73,0.75,-7.75,0.2,-0.132085207,0.061869249,-0.184163467,0.088332556,2.94,3.76,506.12,7.65,66.98,32.8,1.41,15.43,0.42,3.66
KM5,aCrainlarich,5.45,1401.5,Mid,1.96,0.98,0,0.98,0,73.84,18.42,7.74,6.17,0.91,0.33,3.78,9.81,943.34,0.62,0.32,7.12,1.13,11.46,0.53,0.88,0.16,-0.05,-0.1,-1.58,0.62,-7.02,0.28,-0.173469075,0.021436726,-0.238916261,0.032884375,1.93,4.48,501.62,7.58,66.39,22.06,1.27,22.74,0.61,5.39
HWA1,bShotts,7.4,1550,xHigh,10.87,0.7,0,1.86,8.31,62.82,20.88,16.3,6.27,1.01,0.31,3.6,9.82,1105.82,0.72,0.5,4.78,0.64,12.24,0.63,0.8,-0.02,0.01,0.02,-2.08,0.33,-4.15,0.35,-0.10945556,0.162482182,-0.046085011,0.248761178,1.42,1.28,502.22,1.98,17.36,18.55,0.15,27.07,0.1,0.88
HWA2,bShotts,7.4,1550,xHigh,10.87,0.7,0,1.86,8.31,62.82,20.88,16.3,6.03,1.06,0.31,3.58,9.74,773.63,0.62,0.43,5.67,0.34,9.14,0.26,0.56,0.03,-0.09,-0.05,-1.2,0.03,-7.25,-0.02,-0.184249378,0.064813397,-0.097203686,0.207138648,1.54,1.52,500.75,1.98,17.31,44.55,0.08,11.24,0.04,0.37
HWA3,bShotts,7.4,1550,xHigh,10.87,0.7,0,1.86,8.31,62.82,20.88,16.3,6.18,1.14,0.25,3.64,12.64,968.91,0.75,0.52,5,0.53,14.98,0.57,0.71,0.11,0.04,0.04,-1.86,0.22,-1.42,0.29,-0.12768687,0.15850484,-0.035090271,0.250465166,1.46,1.34,557.89,2.2,19.29,25.32,0.12,22.04,0.08,0.72
HWA4,bShotts,7.4,1550,xHigh,10.87,0.7,0,1.86,8.31,62.82,20.88,16.3,5.84,0.88,0.24,3.35,12.05,947.08,0.72,0.59,5.1,0.27,13.21,0.39,0.37,-0.15,0.01,0.11,-1.77,-0.04,-3.18,0.1,-0.132550708,0.091588368,-0.0604366,0.204555035,1.2,1.36,650.35,2.57,22.48,34.11,0.06,19.07,0.07,0.62
HWA5,bShotts,7.4,1550,xHigh,10.87,0.7,0,1.86,8.31,62.82,20.88,16.3,6.27,1.07,0.29,3.81,11.2,1166.14,0.66,0.52,5.71,0.54,11.06,0.58,0.8,0.05,-0.05,0.04,-1.15,0.23,-5.33,0.3,-0.061176634,0.20557808,0.006134707,0.278827082,1.34,1.53,366.35,1.45,12.67,19.57,0.13,18.72,0.07,0.61
HWG1,bShotts,7.4,1550,Low,0.49,0,0,0.49,0,69.84,15.36,14.8,5.53,0.99,0.34,4.32,10.84,1271.46,0.78,0.56,4.98,0.29,17.47,0.37,0.06,-0.03,0.07,0.08,-1.88,-0.02,1.08,0.09,-0.26005553,-0.047003917,-0.059015593,-0.166034652,1.54,1.36,703.37,1.9,16.67,57.44,0.06,12.25,0.03,0.27
HWG2,bShotts,7.4,1550,Low,0.49,0,0,0.49,0,69.84,15.36,14.8,5.51,1.15,0.41,4.76,9.99,785.2,0.73,0.61,5.56,0.23,14.66,0.36,0.04,0.12,0.02,0.13,-1.3,-0.08,-1.73,0.08,-0.28712803,-0.102769739,0.045677106,-0.106065192,1.45,1.52,627.75,1.7,14.87,63.85,0.05,9.83,0.03,0.22
HWG3,bShotts,7.4,1550,Low,0.49,0,0,0.49,0,69.84,15.36,14.8,5.34,0.98,0.51,8.12,13.56,664.21,0.7,0.41,6.82,0.36,16.26,0.25,-0.13,-0.04,0,-0.07,-0.05,0.05,-0.13,-0.03,-0.256416058,-0.071633173,-0.188116378,0.109548122,1.41,1.86,580.44,1.57,13.75,42.65,0.08,13.61,0.03,0.31
HWG4,bShotts,7.4,1550,Low,0.49,0,0,0.49,0,69.84,15.36,14.8,5.67,0.95,0.36,4.45,10.61,1039.01,0.66,0.31,9.42,0.45,18.41,0.2,0.2,-0.07,-0.05,-0.17,2.56,0.14,2.02,-0.08,-0.250580955,-0.011721888,-0.226240925,0.06664936,1.51,2.57,1009.44,2.73,23.92,59.33,0.1,17.01,0.04,0.38
HWG5,bShotts,7.4,1550,Low,0.49,0,0,0.49,0,69.84,15.36,14.8,5.31,1.05,0.4,4,8.61,899.87,0.67,0.52,7.54,0.21,15.15,0.23,-0.16,0.03,-0.04,0.04,0.68,-0.1,-1.24,-0.05,-0.272978324,-0.094848274,-0.200727221,0.094452571,1.31,2.06,591.66,1.6,14.02,67.11,0.05,8.82,0.02,0.2
HWM1,bShotts,7.4,1550,Mid,2.01,0.66,0,1.34,0,69.23,16.57,14.2,6.02,1.05,0.34,4.69,11.95,765,0.75,0.46,5.3,0.59,15.92,0.5,0.55,0.03,0.04,-0.02,-1.56,0.28,-0.47,0.22,-0.205563975,0.082863442,-0.13982832,0.207790025,1.61,0.99,564.45,1.52,13.28,28.82,0.13,19.58,0.06,0.48
HWM2,bShotts,7.4,1550,Mid,2.01,0.66,0,1.34,0,69.23,16.57,14.2,5.96,0.96,0.4,5.09,10.83,1240.94,0.72,0.36,6.08,0.76,15.75,0.42,0.49,-0.06,0.01,-0.12,-0.78,0.45,-0.64,0.14,-0.1688551,0.115300037,-0.098872894,0.185294337,1.77,1.14,598.86,1.61,14.09,28.67,0.17,20.89,0.06,0.52
HWM3,bShotts,7.4,1550,Mid,2.01,0.66,0,1.34,0,69.23,16.57,14.2,6.07,0.93,0.43,5.25,10.54,1305.75,0.75,0.41,5.4,0.8,15.9,0.56,0.6,-0.1,0.04,-0.07,-1.46,0.49,-0.5,0.28,-0.148056358,0.147334299,-0.104208234,0.261129916,1.79,1.01,621.83,1.67,14.63,26.78,0.18,23.22,0.07,0.57
HWM4,bShotts,7.4,1550,Mid,2.01,0.66,0,1.34,0,69.23,16.57,14.2,5.88,1,0.34,5.3,13.32,1039.38,0.65,0.57,5.54,0.38,10.11,0.5,0.41,-0.03,-0.06,0.09,-1.32,0.07,-6.28,0.22,-0.218400078,0.058786511,-0.163106228,0.194289356,1.24,1.04,532.72,1.43,12.54,26.41,0.08,20.17,0.06,0.5
HWM5,bShotts,7.4,1550,Mid,2.01,0.66,0,1.34,0,69.23,16.57,14.2,6.14,1,0.35,4.81,11.92,934.64,0.67,0.45,5.39,0.82,11.08,0.68,0.67,-0.03,-0.03,-0.03,-1.47,0.51,-5.31,0.4,-0.212107247,0.060945479,-0.138095231,0.212619126,1.56,1.01,528.71,1.42,12.44,19.11,0.18,27.67,0.08,0.68
CPM1,Chapel-le-Dale,7.55,1092.7,xHigh,4.76,0.37,2,1.7,0,47.95,21.51,30.54,5.61,0.6,0.9,8.33,7.94,1242.7,0.62,0.52,8.76,0.32,14.35,0.35,0.05,-0.05,-0.04,0.08,1.34,-0.34,-0.42,-0.18,-0.132801311,0.078842264,-0.191562848,-0.01071641,1.19,1.43,506.62,1.12,9.83,39.08,0.1,18.54,0.04,0.35
CPM2,Chapel-le-Dale,7.55,1092.7,xHigh,4.76,0.37,2,1.7,0,47.95,21.51,30.54,5.51,0.6,0.88,8.72,8.51,1480.35,0.68,0.59,7.59,0.33,15.83,0.47,-0.04,-0.05,0.01,0.15,0.18,-0.34,1.06,-0.05,-0.09128274,0.102495424,-0.164370161,0.03118001,1.18,1.24,615.29,1.36,11.94,35.53,0.1,15,0.03,0.28
CPM3,Chapel-le-Dale,7.55,1092.7,xHigh,4.76,0.37,2,1.7,0,47.95,21.51,30.54,5.69,0.62,0.74,7.77,8.98,1352,0.67,0.47,7.81,0.41,16.09,0.37,0.14,-0.03,0.01,0.03,0.4,-0.25,1.31,-0.16,-0.226853274,-0.028142352,-0.276613517,-0.080991795,1.31,1.28,742.11,1.64,14.4,38.28,0.08,25.44,0.05,0.48
CPM4,Chapel-le-Dale,7.55,1092.7,xHigh,4.76,0.37,2,1.7,0,47.95,21.51,30.54,5.75,0.73,0.58,6.27,9.24,1066.99,0.66,0.52,6.88,0.36,13.09,0.39,0.19,0.08,-0.01,0.08,-0.54,-0.31,-1.69,-0.13,-0.176353166,-0.012837816,-0.23309565,-0.054902032,1.53,1.13,639.98,1.42,12.42,52.12,0.07,20.15,0.04,0.38
CPM5,Chapel-le-Dale,7.55,1092.7,xHigh,4.76,0.37,2,1.7,0,47.95,21.51,30.54,5.82,0.69,0.76,6.4,7.25,1936.07,0.67,0.54,8.39,0.28,16.93,0.34,0.27,0.04,0.01,0.1,0.97,-0.38,2.15,-0.18,-0.140540023,0.063595793,-0.154301893,0.0036901,1.22,1.37,711.51,1.58,13.81,49.11,0.17,31.18,0.07,0.59
CPC1,Chapel-le-Dale,7.55,1092.7,Low,3.7,0,2,1.7,0,50.12,20.2,29.69,5.6,0.61,0.7,7.58,9.26,1914.14,0.69,0.44,7.32,0.63,16.05,0.5,0.04,-0.04,0.03,0,-0.1,-0.04,1.27,-0.02,-0.169697113,0.048128856,-0.254213698,-0.036577389,1.63,0.95,632.5,1.36,11.91,34.11,0.04,12.96,0.03,0.25
CPC2,Chapel-le-Dale,7.55,1092.7,Low,3.7,0,2,1.7,0,50.12,20.2,29.69,5.54,0.61,0.59,5.81,8.4,1734.86,0.68,0.4,8.37,0.62,18.03,0.41,-0.01,-0.04,0.02,-0.04,0.95,-0.05,3.25,-0.12,-0.104332234,0.116478087,-0.228538776,0.010017978,1.67,1.08,553.24,1.19,10.42,36.87,0.04,17.32,0.04,0.34
CPC3,Chapel-le-Dale,7.55,1092.7,Low,3.7,0,2,1.7,0,50.12,20.2,29.69,5.29,0.63,0.75,8.33,9.54,1460.91,0.69,0.51,7.8,0.52,17.26,0.54,-0.27,-0.02,0.03,0.07,0.38,-0.15,2.48,0.02,-0.280869323,-0.097711231,-0.338275945,-0.140488634,1.29,1.01,744.98,1.6,14.03,29.29,0.05,19.38,0.04,0.38
CPC4,Chapel-le-Dale,7.55,1092.7,Low,3.7,0,2,1.7,0,50.12,20.2,29.69,5.74,0.7,0.63,6.62,9.06,1378.16,0.65,0.43,6.67,0.47,12.15,0.34,0.18,0.05,-0.02,-0.02,-0.75,-0.2,-2.63,-0.18,-0.272835235,-0.107313154,-0.302951538,-0.157193706,1.31,0.86,558.64,1.2,10.52,27.72,0.05,12.28,0.03,0.24
CPC5,Chapel-le-Dale,7.55,1092.7,Low,3.7,0,2,1.7,0,50.12,20.2,29.69,5.61,0.69,0.52,5.53,9.12,1122.37,0.6,0.43,6.94,1.11,10.4,0.82,0.05,0.04,-0.06,-0.01,-0.48,0.44,-4.38,0.3,-0.249134744,-0.095946897,-0.299683329,-0.176854065,1.68,0.9,607.98,1.31,11.45,19.5,0.04,14.49,0.03,0.28
CPF1,Chapel-le-Dale,7.55,1092.7,Mid,4.07,1.05,2,1.7,0,49.64,20.09,30.28,5.63,0.62,0.81,7.71,8.18,1798.29,0.7,0.49,6.78,0.53,15.59,0.51,0.07,-0.02,0.04,0.05,-0.64,-0.14,0.81,-0.02,-0.110542777,0.071560633,-0.170803194,-0.048312795,1.46,0.83,554.01,1.25,10.92,30.32,0.06,18.27,0.04,0.34
CPF2,Chapel-le-Dale,7.55,1092.7,Mid,4.07,1.05,2,1.7,0,49.64,20.09,30.28,5.69,0.68,0.75,7.2,8.21,1387.19,0.7,0.56,5.82,0.45,13.88,0.56,0.13,0.03,0.04,0.12,-1.6,-0.22,-0.9,0.04,-0.227649307,-0.045629367,-0.292405519,-0.103765804,1.38,0.71,569.5,1.28,11.23,29.38,0.05,19.38,0.04,0.36
CPF3,Chapel-le-Dale,7.55,1092.7,Mid,4.07,1.05,2,1.7,0,49.64,20.09,30.28,5.51,0.68,0.71,6.91,8.36,1410.58,0.63,0.56,7.41,0.25,12.38,0.32,-0.05,0.03,-0.04,0.12,-0.01,-0.42,-2.4,-0.21,-0.225559092,-0.099676435,-0.3154258,-0.146171655,1,0.91,491.79,1.11,9.7,29.89,0.03,16.45,0.03,0.3
CPF4,Chapel-le-Dale,7.55,1092.7,Mid,4.07,1.05,2,1.7,0,49.64,20.09,30.28,5.62,0.69,0.6,6.13,8.69,1782.46,0.6,0.43,7.38,0.25,11.15,0.19,0.06,0.05,-0.06,-0.01,-0.04,-0.42,-3.62,-0.34,-0.268354631,-0.13650355,-0.330762492,-0.146421619,1.27,0.9,501.13,1.13,9.88,50.85,0.03,9.86,0.02,0.18
CPF5,Chapel-le-Dale,7.55,1092.7,Mid,4.07,1.05,2,1.7,0,49.64,20.09,30.28,5.54,0.7,0.57,6.26,9.47,1870.69,0.66,0.55,6.1,0.31,12.05,0.38,-0.02,0.05,0,0.11,-1.32,-0.36,-2.73,-0.14,-0.269942458,-0.137728456,-0.294112386,-0.141919724,1.29,0.75,601.01,1.35,11.85,38.65,0.03,15.55,0.03,0.29
MCA1,dPreston,10,1033.6,xHigh,8.89,3.61,4.6,0.69,0,52.71,19.43,27.86,6.51,0.81,0.55,5.22,8.19,1005.93,0.67,0.35,4.35,0.92,8.76,0.49,-0.08,0,0.08,-0.19,-2.22,0.28,-0.31,-0.38,0.216934917,0.185637344,0.181738773,0.237877639,1.79,0.98,347.3,1.29,11.33,15.67,0.21,22.16,0.08,0.68
MCA2,dPreston,10,1033.6,xHigh,8.89,3.61,4.6,0.69,0,52.71,19.43,27.86,6.6,0.96,0.5,4.65,7.96,514,0.67,0.59,3.8,0.66,7.8,0.96,0.01,0.15,0.08,0.06,-2.78,0.02,-1.27,0.1,0.243442426,0.149067636,0.189723489,0.214364839,1.07,0.85,353.64,1.32,11.54,7.2,0.15,49.14,0.17,1.5
MCA3,dPreston,10,1033.6,xHigh,8.89,3.61,4.6,0.69,0,52.71,19.43,27.86,6.53,0.92,0.58,5.5,8.08,1354.35,0.63,0.33,5.11,0.83,8.52,0.41,-0.06,0.11,0.03,-0.2,-1.46,0.19,-0.55,-0.45,0.182183406,0.157844836,0.142624761,0.216081723,2.42,1.15,304.46,1.13,9.94,27.55,0.19,11.05,0.04,0.34
MCA4,dPreston,10,1033.6,xHigh,8.89,3.61,4.6,0.69,0,52.71,19.43,27.86,7.53,1.16,0.29,3.57,10.5,1021.04,0.88,0.79,1.41,0.21,10.41,0.78,0.94,0.35,0.29,0.25,-5.17,-0.43,1.34,-0.09,0.298677593,0.11942364,0.21990531,0.191390401,1.06,0.32,521.59,1.94,17.02,10.91,0.05,47.79,0.17,1.46
MCA5,dPreston,10,1033.6,xHigh,8.89,3.61,4.6,0.69,0,52.71,19.43,27.86,6.67,0.93,0.49,5.15,9.06,1014.43,0.7,0.5,3.93,0.8,9.17,0.8,0.08,0.11,0.11,-0.04,-2.65,0.17,0.1,-0.06,0.167782128,0.189058219,0.171488433,0.218542557,1.66,0.88,380.62,1.42,12.42,15.65,0.18,24.32,0.08,0.74
MCG1,dPreston,10,1033.6,Low,0,0,0,0,0,53.02,18.56,28.42,6.53,0.68,0.69,7.62,9.39,1740.69,0.6,0.42,8.94,1,13.54,0.73,-0.06,-0.13,0.01,-0.11,2.36,0.37,4.47,-0.13,0.139124414,0.165066198,0.112138232,0.12787718,1.66,2.37,448.25,1.58,13.84,22.01,0.37,20.37,0.08,0.73
MCG2,dPreston,10,1033.6,Low,0,0,0,0,0,53.02,18.56,28.42,7.82,0.98,0.52,5.74,9.38,1883,0.88,0.82,1.18,0.21,8.68,0.96,1.23,0.16,0.29,0.29,-5.39,-0.43,-0.39,0.1,0.240872298,0.092991089,0.157785812,0.073568309,1.06,0.31,488.63,1.72,15.09,9.55,0.08,51.15,0.21,1.83
MCG3,dPreston,10,1033.6,Low,0,0,0,0,0,53.02,18.56,28.42,6.04,0.75,0.69,7.13,8.92,1375.6,0.4,0.83,7.2,0.39,4.83,1.95,-0.55,-0.06,-0.19,0.3,0.63,-0.25,-4.24,1.09,-0.084384467,0.108787418,-0.05651299,0.110795211,0.52,1.91,229.81,0.81,7.1,2.69,0.14,85.58,0.35,3.06
MCG4,dPreston,10,1033.6,Low,0,0,0,0,0,53.02,18.56,28.42,6.43,0.76,0.65,6.42,8.46,1201.88,0.57,0.28,7.34,0.99,9.66,0.38,-0.16,-0.05,-0.02,-0.26,0.76,0.35,0.59,-0.48,0.178337272,0.108905689,0.066881084,0.061121043,1.69,1.95,426.57,1.5,13.17,19.66,0.36,21.69,0.09,0.78
MCG5,dPreston,10,1033.6,Low,0,0,0,0,0,53.02,18.56,28.42,6.12,0.9,0.6,6.45,9.26,1430.01,0.51,0.32,8.22,0.59,8.64,0.28,-0.47,0.09,-0.08,-0.21,1.64,-0.04,-0.43,-0.58,-0.017457962,0.169474523,0.018785382,0.141051889,1.48,2.18,310.44,1.09,9.59,26.58,0.22,11.68,0.05,0.42
MCM1,dPreston,10,1033.6,Mid,5.85,3.43,2,0.43,0,53.07,20.36,26.57,6.73,0.98,0.47,5.06,9.26,1297.51,0.42,0.3,6.46,1.18,4.59,0.52,0.14,0.17,-0.18,-0.23,-0.12,0.54,-4.49,-0.34,0.024801682,0.198936183,0.078098476,0.24686344,1.43,1.85,174.06,0.74,6.49,9.37,0.41,18.57,0.09,0.76
MCM2,dPreston,10,1033.6,Mid,5.85,3.43,2,0.43,0,53.07,20.36,26.57,6.61,1.06,0.38,4.23,9.65,1240.17,0.37,0.45,6.5,0.69,3.9,0.57,0.02,0.25,-0.22,-0.08,-0.07,0.05,-5.17,-0.29,0.000376364,0.177303852,0.067265055,0.243349744,0.81,1.86,169.56,0.72,6.32,6.48,0.24,26.17,0.12,1.07
MCM3,dPreston,10,1033.6,Mid,5.85,3.43,2,0.43,0,53.07,20.36,26.57,6.72,0.97,0.45,4.31,8.22,1340.37,0.37,0.82,6.1,0.75,3.56,3.33,0.13,0.16,-0.22,0.28,-0.48,0.12,-5.52,2.47,0.009027431,0.215427628,0.075386506,0.274583528,0.44,1.75,138.17,0.59,5.15,1.12,0.26,123.63,0.58,5.05
MCM4,dPreston,10,1033.6,Mid,5.85,3.43,2,0.43,0,53.07,20.36,26.57,6.23,0.98,0.41,3.73,7.76,1285.64,0.63,0.26,4.94,0.77,8.51,0.27,-0.36,0.17,0.04,-0.28,-1.64,0.14,-0.56,-0.6,0.059090734,0.226837418,0.08377482,0.273077338,2.33,1.42,310.22,1.32,11.57,27.78,0.27,11.17,0.05,0.46
MCM5,dPreston,10,1033.6,Mid,5.85,3.43,2,0.43,0,53.07,20.36,26.57,6.65,1.14,0.35,3.21,7.79,1216.2,0.42,0.8,5.29,0.37,3.8,1.46,0.06,0.33,-0.18,0.26,-1.28,-0.26,-5.27,0.6,0.048822907,0.217452681,0.091132744,0.264926785,0.59,1.52,216.6,0.92,8.08,2.76,0.13,78.59,0.37,3.21
SFA1,eWymondham,9.9,608.9,xHigh,6.71,2.56,0,0,4.15,60.62,16.52,22.86,6.2,1.34,0.18,2.31,11.25,831.16,0.67,0.96,4.38,0.07,8.92,1.84,-0.57,0.34,0.15,0.37,-1.76,-0.33,2.23,0.93,-0.07129615,0.027719553,0.146987931,0.09398429,0.46,0.76,146.07,0.42,3.65,2.12,0.04,68.96,0.38,3.36
SFA2,eWymondham,9.9,608.9,xHigh,6.71,2.56,0,0,4.15,60.62,16.52,22.86,6.05,1.42,0.31,2.91,8.07,521.42,0.31,0.97,3.92,0.07,1.72,2.29,-0.72,0.42,,0.38,,-0.33,-4.97,1.37,-0.040890018,0.13382282,0.176140159,0.097351295,0.5,0.68,149.32,0.43,3.73,2.2,0.03,67.88,0.38,3.31
SFA3,eWymondham,9.9,608.9,xHigh,6.71,2.56,0,0,4.15,60.62,16.52,22.86,5.97,1.42,0.22,2.03,7.8,466.92,0.28,0.92,4.19,0.13,1.66,1.49,-0.8,0.43,-0.24,0.33,-1.95,-0.27,-5.03,0.58,-0.060801788,0.064425194,0.152596081,0.096735117,0.56,0.72,174.43,0.5,4.36,3.56,0.06,49.02,0.27,2.39
SFA4,eWymondham,9.9,608.9,xHigh,6.71,2.56,0,0,4.15,60.62,16.52,22.86,6.41,1.41,0.29,2.63,7.86,664.71,0.58,,3.76,0.09,5.19,,-0.37,0.42,0.06,,-2.39,-0.31,-1.5,,0.078770255,0.174734376,0.198936293,0.109128179,,0.65,214.62,0.61,5.37,,0.04,,,
SFA5,eWymondham,9.9,608.9,xHigh,6.71,2.56,0,0,4.15,60.62,16.52,22.86,6.7,1.48,0.2,2.07,8.83,444.39,0.44,0.7,3.34,0.1,2.67,0.24,-0.08,0.48,-0.08,0.11,-2.81,-0.3,-4.02,-0.68,0.059890311,0.114814828,0.197898559,0.081069724,0.63,0.58,195.75,0.56,4.89,3.74,0.05,52.28,0.29,2.55
SFM1,eWymondham,9.9,608.9,Low,2,0,2,0,0,56.05,16.7,27.25,5.84,0.94,0.47,4.72,8.64,1076.22,0.41,0.19,5.11,0.84,5.07,0.12,-0.93,-0.05,-0.11,-0.41,-1.04,0.44,-1.62,-0.8,-0.022972671,0.190788332,0.025037173,0.147886005,1.16,0.73,306.37,0.75,6.6,8.41,0.12,36.41,0.09,0.77
SFM2,eWymondham,9.9,608.9,Low,2,0,2,0,0,56.05,16.7,27.25,6.45,1.09,0.31,3.14,8.68,1201.88,0.56,0.78,4.86,0.24,7.88,1.58,-0.32,0.09,0.03,0.19,-1.28,-0.16,1.19,0.66,-0.070433323,0.163168592,0.002480382,0.115265415,0.82,0.7,349.44,0.86,7.53,10.48,0.03,33.34,0.08,0.71
SFM3,eWymondham,9.9,608.9,Low,2,0,2,0,0,56.05,16.7,27.25,5.9,1.09,0.26,3.24,10.7,787.61,0.59,0.92,7.64,0.94,7.75,2.36,-0.88,0.1,0.07,0.33,1.5,0.54,1.06,1.44,-0.15725243,0.050622494,-0.068581546,0.094962813,0.8,1.1,228.75,0.56,4.93,5.32,0.13,43.03,0.1,0.91
SFM4,eWymondham,9.9,608.9,Low,2,0,2,0,0,56.05,16.7,27.25,6.34,0.99,0.34,3.83,9.53,1210.79,0.36,0.91,5.07,0.61,3.19,3.04,-0.43,0,-0.16,0.32,-1.07,0.21,-3.5,2.13,-0.079586595,0.134152859,-0.024575165,0.121342055,0.76,0.73,215.5,0.53,4.64,4.4,0.08,48.93,0.12,1.04
SFM5,eWymondham,9.9,608.9,Low,2,0,2,0,0,56.05,16.7,27.25,6.44,0.99,0.25,3.55,12.18,777.75,0.46,0.77,7.83,0.69,5.19,1.94,-0.33,-0.01,-0.07,0.18,1.68,0.29,-1.5,1.02,-0.074164824,0.158494878,-0.013456795,0.139166845,0.99,1.12,290.71,0.71,6.26,11.11,0.1,26.17,0.06,0.56
SFG1,eWymondham,9.9,608.9,Mid,2.23,0,2,0.23,0,58.29,16.63,25.08,7.03,0.99,0.44,4.57,8.89,1095.82,0.59,0.57,7.21,0.51,7.45,1.09,0.25,0,0.07,-0.03,1.06,0.11,0.76,0.18,0.023251942,0.147671273,0.054522045,-0.024588554,4.91,0.77,340.43,0.59,5.13,,0.13,2.58,0.01,0.07
SFG2,eWymondham,9.9,608.9,Mid,2.23,0,2,0.23,0,58.29,16.63,25.08,6.74,1.06,0.4,4.47,9.68,941.37,0.63,0.76,6.27,0.43,8.46,0.78,-0.04,0.06,0.11,0.17,0.13,0.04,1.77,-0.14,0.198265029,0.085728151,0.166101556,-0.091838464,0.54,0.67,218.99,0.38,3.3,2.19,0.11,100.03,0.3,2.63
SFG3,eWymondham,9.9,608.9,Mid,2.23,0,2,0.23,0,58.29,16.63,25.08,7,1.02,0.39,4.99,10.89,713,0.44,0.53,5.38,0.2,5.94,1.04,0.23,0.03,-0.09,-0.07,-0.77,-0.2,-0.75,0.13,0.090193819,0.136242283,0.060549619,-0.065335642,0.58,0.58,252.27,0.43,3.8,2.84,0.05,88.81,0.27,2.33
SFG4,eWymondham,9.9,608.9,Mid,2.23,0,2,0.23,0,58.29,16.63,25.08,6.69,1.03,0.41,4.62,9.59,868.27,0.48,0.64,5.68,0.28,4.62,1.07,-0.09,0.03,-0.05,0.05,-0.46,-0.11,-2.07,0.16,0.14507654,0.162454697,0.131673464,-0.018087256,0.52,0.61,202.77,0.35,3.05,2.24,0.07,90.51,0.27,2.38
SFG5,eWymondham,9.9,608.9,Mid,2.23,0,2,0.23,0,58.29,16.63,25.08,6.41,0.87,0.51,5.34,8.93,964.33,0.47,0.46,6.19,0.56,6.99,0.59,-0.36,-0.12,-0.05,-0.13,0.04,0.16,0.3,-0.32,0.359944466,0.005576139,0.234312695,-0.08799465,0.58,0.67,228.55,0.39,3.44,2.22,0.14,102.99,0.31,2.71
AC1,fAberystwyth,8.55,1856.5,xHigh,3.63,0.88,2,0.75,0,48.84,27.27,23.9,5.39,0.84,0.6,5.6,8.04,1136.88,0.57,0.2,10.82,0.91,14.1,0.23,-0.08,0.13,-0.02,0.01,0.27,0.2,-0.86,0.05,0.232561317,-0.013089458,-0.15577167,0.000616947,2.48,38.67,486.2,1.65,14.49,48.54,0.58,10.02,0.03,0.26
AC2,fAberystwyth,8.55,1856.5,xHigh,3.63,0.88,2,0.75,0,48.84,27.27,23.9,5.7,0.77,0.46,4.31,7.96,1136.88,0.48,0.21,9.01,0.87,8.33,0.23,0.23,0.06,-0.11,0.01,-1.54,0.16,-6.62,0.06,-0.217226814,-0.077539653,-0.233165215,-0.100597647,2.75,32.21,438.03,1.49,13.06,49.75,0.55,8.81,0.03,0.23
AC3,fAberystwyth,8.55,1856.5,xHigh,3.63,0.88,2,0.75,0,48.84,27.27,23.9,5.26,0.72,0.6,6.23,8.86,1136.88,0.57,0.22,10.75,0.96,14.25,0.28,-0.21,0.01,-0.02,0.03,0.19,0.25,-0.7,0.11,-0.255948624,-0.171567581,-0.297061721,-0.160196967,2.75,38.42,568.81,1.94,16.96,55.71,0.61,10.21,0.03,0.27
AC4,fAberystwyth,8.55,1856.5,xHigh,3.63,0.88,2,0.75,0,48.84,27.27,23.9,5.65,0.55,0.57,6.69,10.02,1136.88,0.66,0.2,7.36,1.47,14.01,0.37,0.18,-0.16,0.07,0.01,-3.19,0.76,-0.94,0.2,-0.195715945,-0.041132242,-0.238439647,-0.05706555,2.61,26.32,449.89,1.53,13.41,24.89,0.93,18.08,0.05,0.47
AC5,fAberystwyth,8.55,1856.5,xHigh,3.63,0.88,2,0.75,0,48.84,27.27,23.9,5.35,0.68,0.52,4.89,8.09,1136.88,0.57,0.25,7.81,0.95,10.41,0.32,-0.12,-0.03,-0.02,0.06,-2.75,0.24,-4.54,0.15,-0.202487212,-0.092825772,-0.19493935,-0.116317654,2.77,27.91,627.96,2.14,18.72,50.84,0.6,12.35,0.04,0.32
AG1,fAberystwyth,8.55,1856.5,Low,0.79,0,0,0.79,0,47.08,28.54,24.38,6.03,0.59,0.59,6.05,8.74,842.77,0.62,0.2,9.48,0.74,15.75,0.19,0.56,-0.12,0.04,0.01,-1.07,0.04,0.8,0.01,-0.235577148,-0.258155625,-0.224372434,-0.201056598,,42.81,776.83,2.45,21.49,271.92,0.53,2.86,0.01,0.08
AG2,fAberystwyth,8.55,1856.5,Low,0.79,0,0,0.79,0,47.08,28.54,24.38,6.24,0.61,0.49,5.4,9.45,842.77,0.54,0.19,12.56,0.59,14.56,0.13,0.77,-0.1,-0.05,-0.01,2,-0.12,-0.39,-0.04,-0.25597231,-0.181036545,-0.282521141,-0.214349988,2.64,56.69,508.83,1.61,14.07,90.46,0.42,5.62,0.02,0.15
AG3,fAberystwyth,8.55,1856.5,Low,0.79,0,0,0.79,0,47.08,28.54,24.38,5.94,0.66,0.59,6.09,8.92,842.77,0.58,0.13,11.98,0.71,16.87,0.1,0.47,-0.05,0,-0.07,1.42,0.01,1.91,-0.07,-0.245864901,-0.208130139,-0.27949032,-0.222723224,3.36,54.06,640.99,2.02,17.73,107.24,0.51,5.98,0.02,0.16
AG4,fAberystwyth,8.55,1856.5,Low,0.79,0,0,0.79,0,47.08,28.54,24.38,6.94,0.67,0.58,6.38,9.41,842.77,0.6,0.19,8.84,0.84,13.44,0.2,1.47,-0.04,0.02,0,-1.72,0.13,-1.52,0.03,-0.251790312,-0.170260879,-0.228929754,-0.210831844,4.53,39.88,533.25,1.68,14.75,101.98,0.59,5.23,0.02,0.14
AG5,fAberystwyth,8.55,1856.5,Low,0.79,0,0,0.79,0,47.08,28.54,24.38,5.81,0.76,0.57,6.05,9.13,842.77,0.59,0.27,9.92,0.65,14.14,0.23,0.34,0.05,0,0.07,-0.63,-0.06,-0.81,0.06,-0.254002838,-0.247613216,-0.277664797,-0.207965747,2.41,44.79,701.55,2.22,19.4,73.15,0.46,9.59,0.03,0.26
AH/G1,fAberystwyth,8.55,1856.5,Mid,2.23,0,2,0.23,0,49.8,27.01,23.19,5.62,0.73,0.6,5.55,7.9,999.71,0.66,0.03,9.36,0.71,18.57,0.03,0.15,0.02,0.08,-0.16,-1.19,0.01,3.62,-0.15,-0.271672345,-0.175980915,-0.275825365,-0.196502444,5.25,7.56,753.24,1.73,15.18,176.98,0.24,4.26,0.01,0.08
AH/G2,fAberystwyth,8.55,1856.5,Mid,2.23,0,2,0.23,0,49.8,27.01,23.19,5.35,0.7,0.65,7.14,9.37,999.71,0.74,0.11,8.32,0.7,23.32,0.09,-0.12,-0.01,0.15,-0.08,-2.24,0,8.37,-0.08,-0.275099014,-0.315366572,-0.235963103,-0.229735034,,6.71,854.78,1.97,17.22,,0.24,,0,
AH/G3,fAberystwyth,8.55,1856.5,Mid,2.23,0,2,0.23,0,49.8,27.01,23.19,5.43,0.74,0.66,7.58,9.86,999.71,0.7,0.12,9.45,0.69,21.57,0.09,-0.04,0.03,0.11,-0.07,-1.11,-0.01,6.62,-0.08,-0.28019929,-0.281133987,-0.246527688,-0.264709821,4.25,7.63,869.13,2,17.51,155.45,0.23,5.59,0.01,0.11
AH/G4,fAberystwyth,8.55,1856.5,Mid,2.23,0,2,0.23,0,49.8,27.01,23.19,5.31,0.82,0.69,7.64,9.46,999.71,,0.36,,0.71,15.24,0.4,-0.16,0.11,,0.17,,0,0.29,0.23,-0.18363791,-0.348409078,-0.185281786,-0.268388638,,,878.17,2.02,17.69,,0.24,16.96,0.04,0.33
AH/G5,fAberystwyth,8.55,1856.5,Mid,2.23,0,2,0.23,0,49.8,27.01,23.19,5.46,0.64,0.69,8.35,10.3,999.71,0.72,,8.53,0.69,21.51,,-0.01,-0.07,0.13,,-2.02,-0.01,6.55,-0.17,-0.225012564,-0.061010573,-0.238687298,-0.152617959,,6.89,830.87,1.91,16.74,,0.23,0.65,0,0.01
HFA1,gKnapwell,10.45,568.1,xHigh,4.92,2.84,0,0,2.08,55.08,16.12,28.8,8.14,1.26,0.36,4.38,10.44,885.67,0.81,0.85,1.87,0.14,8.12,0.78,0.3,0.43,-0.01,0.2,-1.12,-0.41,-5.66,-0.26,0.44345047,-0.124000505,0.395320002,-0.197351093,0.95,0.65,353.71,1.8,15.76,9.89,0.05,35.77,0.19,1.64
HFA2,gKnapwell,10.45,568.1,xHigh,4.92,2.84,0,0,2.08,55.08,16.12,28.8,8.1,1.2,0.26,3.9,13,975.46,0.79,0.83,2.09,0.14,7.87,0.72,0.26,0.36,0.13,0.39,-5.32,-0.52,-6.91,0.19,0.44884345,-0.118172243,0.398432862,-0.204747252,0.95,0.73,348.54,1.77,15.53,11.07,0.05,31.5,0.17,1.45
HFA3,gKnapwell,10.45,568.1,xHigh,4.92,2.84,0,0,2.08,55.08,16.12,28.8,8.08,1.15,0.39,4.15,9.21,972.88,0.73,0.82,2.35,0.16,6.31,0.74,0.23,0.32,0.07,0.38,-5.07,-0.51,-8.47,0.22,0.453035492,-0.106171,0.401277555,-0.193517761,0.89,0.81,260.65,1.33,11.61,8.8,0.06,29.61,0.16,1.36
HFA4,gKnapwell,10.45,568.1,xHigh,4.92,2.84,0,0,2.08,55.08,16.12,28.8,8.02,1.19,0.4,4.2,8.95,946.86,0.83,0.9,1.51,0.09,7.58,0.78,0.18,0.35,0.17,0.46,-5.91,-0.58,-7.2,0.26,0.419061244,-0.144868839,0.048998281,-0.118838571,0.93,0.52,325.06,1.65,14.48,9.63,0.03,33.77,0.18,1.55
HFA5,gKnapwell,10.45,568.1,xHigh,4.92,2.84,0,0,2.08,55.08,16.12,28.8,8.07,1.13,0.36,4.26,10.09,670.37,0.86,0.93,1.24,0.07,7.83,1.05,0.23,0.3,0.2,0.49,-6.17,-0.59,-6.95,0.52,0.466912941,-0.116537953,0.416748262,-0.183607487,0.92,0.43,289.05,1.47,12.88,7.48,0.03,38.62,0.2,1.77
HFG1,gKnapwell,10.45,568.1,Low,1.67,0,0,1.67,0,51.1,17.68,31.22,8.02,0.86,0.6,6.47,9.19,1172.41,0.83,0.73,2.49,0.43,12.58,1.19,0.18,0.02,0.01,0.09,-0.5,-0.11,-1.2,0.16,0.287021644,-0.112904448,0.096751621,-0.13120481,1.14,0.32,612.7,1.26,11.04,11.42,0.06,53.66,0.11,0.99
HFG2,gKnapwell,10.45,568.1,Low,1.67,0,0,1.67,0,51.1,17.68,31.22,7.67,0.82,0.67,7.28,9.37,950.36,0.87,0.7,2.36,0.52,15.76,1.19,-0.17,-0.01,0.21,0.26,-5.05,-0.15,0.98,0.66,0.43554733,-0.074790134,0.291294373,-0.068826195,1.31,0.31,568.81,1.17,10.25,14.31,0.07,39.75,0.08,0.73
HFG3,gKnapwell,10.45,568.1,Low,1.67,0,0,1.67,0,51.1,17.68,31.22,7.45,0.81,0.71,6.97,8.37,1344.25,0.78,0.48,4.18,0.7,14.42,0.66,-0.4,-0.03,0.11,0.04,-3.24,0.03,-0.36,0.13,0.425676938,-0.047424023,-0.048667939,-0.106829491,1.5,0.54,662.93,1.36,11.95,20.29,0.09,32.68,0.07,0.6
HFG4,gKnapwell,10.45,568.1,Low,1.67,0,0,1.67,0,51.1,17.68,31.22,7.99,0.81,0.62,6.67,9.28,1050.05,0.79,0.6,3.69,0.66,13.51,0.98,0.15,-0.03,0.12,0.16,-3.73,-0.01,-1.27,0.46,0.40617474,-0.025146976,0.273127833,-0.017225535,1.24,0.48,527.69,1.09,9.51,11.59,0.09,45.53,0.1,0.84
HFG5,gKnapwell,10.45,568.1,Low,1.67,0,0,1.67,0,51.1,17.68,31.22,8.08,0.88,0.73,7.84,9.26,1076.38,0.85,0.73,2.25,0.43,12.64,1.15,0.23,0.04,0.19,0.29,-5.17,-0.24,-2.14,0.62,0.444565659,-0.114235271,0.283436196,-0.101387189,1.21,0.29,486.74,1,8.77,12,0.06,40.57,0.09,0.75
HFM1,gKnapwell,10.45,568.1,Mid,2,0,2,0,0,54.3,16.58,29.11,8.22,1.19,0.36,4.56,11,1031.26,0.76,0.8,1.96,0.16,6.26,0.66,0.37,0.36,-0.06,0.15,-1.04,-0.38,-7.53,-0.37,0.458214117,-0.12228053,0.379101447,-0.204796532,0.96,0.62,263.47,1.2,10.48,10.1,0.06,26.08,0.12,1.04
HFM2,gKnapwell,10.45,568.1,Mid,2,0,2,0,0,54.3,16.58,29.11,8.25,1.21,0.26,3.45,11.59,953.22,0.81,0.79,1.76,0.16,7.5,0.6,0.41,0.37,0.15,0.35,-5.66,-0.51,-7.28,0.07,0.453310541,-0.095314031,0.373586069,-0.195055393,1,0.56,333.3,1.51,13.26,10.96,0.06,30.4,0.14,1.21
HFM3,gKnapwell,10.45,568.1,Mid,2,0,2,0,0,54.3,16.58,29.11,8.21,1.13,0.33,4.53,11.94,860.91,0.75,0.83,2.44,0.19,7.5,0.94,0.36,0.3,0.09,0.39,-4.98,-0.48,-7.28,0.42,0.45042284,-0.143479863,0.38724873,-0.209721607,0.95,0.78,308.74,1.4,12.28,10.35,0.06,29.83,0.14,1.19
HFM4,gKnapwell,10.45,568.1,Mid,2,0,2,0,0,54.3,16.58,29.11,8.22,1.26,0.31,3.8,10.61,655.02,0.78,0.85,2,0.12,7.25,0.7,0.38,0.43,0.12,0.41,-5.42,-0.54,-7.53,0.18,0.48022001,-0.130547278,0.384615017,-0.218108775,0.9,0.64,253.65,1.15,10.09,9.24,0.04,27.45,0.12,1.09
HFM5,gKnapwell,10.45,568.1,Mid,2,0,2,0,0,54.3,16.58,29.11,8.19,1.16,0.3,4.03,11.35,842.73,0.77,0.73,1.93,0.19,6.37,0.51,0.35,0.33,0.11,0.29,-5.48,-0.47,-8.41,-0.01,0.452916064,-0.093458027,0.366787374,-0.22300998,1,0.62,293.94,1.33,11.69,10.2,0.07,28.82,0.13,1.15
PDA1,hSalisbury,9.95,770.4,xHigh,9.09,2.86,0,0,6.23,50.14,27.81,22.05,8.2,1.12,0.4,9.77,21.06,922.42,0.8,0.72,1.95,0.35,7.93,0.89,0.53,0.41,-0.07,-0.09,-0.03,-0.18,-5.76,-1.36,0.389616159,-0.120867744,0.390762212,-0.164334162,1.12,0.68,302.52,1.21,10.64,8.9,0.16,33.98,0.16,1.44
PDA2,hSalisbury,9.95,770.4,xHigh,9.09,2.86,0,0,6.23,50.14,27.81,22.05,8.27,0.94,0.38,9.93,22.26,922.42,0.86,0.84,1.51,0.21,9.07,1.08,0.61,0.22,-0.01,0.03,-0.47,-0.32,-4.62,-1.17,0.450358863,-0.124548281,0.408634328,-0.173308951,1.02,0.53,384.37,1.54,13.52,8.3,0.1,46.29,0.22,1.96
PDA3,hSalisbury,9.95,770.4,xHigh,9.09,2.86,0,0,6.23,50.14,27.81,22.05,8.36,1.01,0.41,11.73,24.32,922.42,0.87,0.76,1.38,0.26,9.06,0.83,0.69,0.3,0,-0.05,-0.6,-0.27,-4.64,-1.42,0.464137256,-0.122469454,0.409652003,-0.170481578,1.13,0.48,377.16,1.51,13.27,10.91,0.12,34.59,0.17,1.46
PDA4,hSalisbury,9.95,770.4,xHigh,9.09,2.86,0,0,6.23,50.14,27.81,22.05,8.28,1.09,0.4,11.38,24.37,922.42,0.79,0.69,2.08,0.5,7.85,1.1,0.61,0.37,-0.08,-0.12,0.1,-0.03,-5.84,-1.15,0.424675459,-0.14600913,0.37441533,-0.212121749,1.16,0.73,310.78,1.25,10.93,7.34,0.23,42.34,0.2,1.79
PDA5,hSalisbury,9.95,770.4,xHigh,9.09,2.86,0,0,6.23,50.14,27.81,22.05,8.41,0.79,0.37,11.09,25.72,922.42,0.79,0.77,2.05,0.28,7.77,0.94,0.75,0.08,-0.08,-0.04,0.07,-0.24,-5.92,-1.31,0.45579324,-0.118231918,0.40888821,-0.179050696,1.02,0.72,368.66,1.48,12.97,8.12,0.13,45.42,0.22,1.92
PDG1,hSalisbury,9.95,770.4,Low,1.14,0,0,1.14,0,51.34,30.21,18.45,7.77,0.76,0.87,10.7,10.58,1414.92,0.87,0.82,1.86,0.35,12.44,1.56,0.11,0.05,0,0.01,-0.13,-0.18,-1.25,-0.69,0.43459153,-0.144493006,0.258586081,-0.120980763,1.03,0.14,671.29,0.95,8.35,6.84,0.03,98.1,0.16,1.38
PDG2,hSalisbury,9.95,770.4,Low,1.14,0,0,1.14,0,51.34,30.21,18.45,7.79,0.82,1.01,13.71,11.59,1414.92,0.92,0.82,1.37,0.54,16.63,2.5,0.13,0.11,0.06,0.01,-0.61,0.01,2.94,0.25,0.396443677,-0.131269223,0.195841928,-0.13848325,1.16,0.11,597.34,0.85,7.43,7.19,0.05,83.06,0.13,1.16
PDG3,hSalisbury,9.95,770.4,Low,1.14,0,0,1.14,0,51.34,30.21,18.45,7.72,0.63,1,14.97,12.85,1414.92,0.85,0.8,2.39,0.61,13.49,2.46,0.05,-0.09,-0.02,-0.01,0.41,0.09,-0.2,0.21,0.419622835,-0.121183685,0.295368834,-0.125282178,1.06,0.19,594.75,0.84,7.4,5.61,0.05,106.05,0.17,1.49
PDG4,hSalisbury,9.95,770.4,Low,1.14,0,0,1.14,0,51.34,30.21,18.45,7.61,0.69,1.05,12.46,10.14,1414.92,0.81,0.81,2.17,0.55,9.36,2.35,-0.05,-0.03,-0.06,0,0.19,0.03,-4.33,0.1,0.451718693,-0.121231969,0.303317085,-0.134476586,1,0.17,407.01,0.58,5.06,4.03,0.05,100.95,0.16,1.41
PDG5,hSalisbury,9.95,770.4,Low,1.14,0,0,1.14,0,51.34,30.21,18.45,7.44,0.68,1.08,14.21,11.32,1414.92,0.89,0.8,2.13,0.58,16.54,2.38,-0.23,-0.04,0.02,-0.01,0.14,0.05,2.85,0.13,0.443367273,-0.12906844,0.318275827,-0.130242993,1.13,0.16,595.76,0.85,7.41,7.38,0.05,80.69,0.13,1.13
PDM1,hSalisbury,9.95,770.4,Mid,2.08,0.8,0,1.28,0,47.9,33.68,18.42,8.1,1.03,0.77,9.75,10.85,,0.82,0.75,2.72,0.56,12.49,1.69,0.43,0.31,0.02,-0.06,0.73,0.04,-1.2,-0.56,,,,,1.1,0.26,459.14,0.81,7.12,7.36,0.06,62.37,0.11,1
PDM2,hSalisbury,9.95,770.4,Mid,2.08,0.8,0,1.28,0,47.9,33.68,18.42,8.08,0.93,0.7,11.02,13.58,,0.84,0.79,2.42,0.71,12.89,2.67,0.42,0.21,0.04,-0.02,0.44,0.18,-0.8,0.42,,,,,1.06,0.23,577.25,1.02,8.95,4.77,0.07,120.98,0.22,1.94
PDM3,hSalisbury,9.95,770.4,Mid,2.08,0.8,0,1.28,0,47.9,33.68,18.42,8.23,0.87,0.76,11.5,12.98,,0.81,0.66,2.73,0.7,11.54,1.37,0.56,0.16,0,-0.15,0.75,0.17,-2.15,-0.88,,,,,1.19,0.26,489.3,0.87,7.58,7.84,0.07,62.38,0.11,1
PDM4,hSalisbury,9.95,770.4,Mid,2.08,0.8,0,1.28,0,47.9,33.68,18.42,8.09,0.94,0.73,9.97,11.64,,0.8,0.74,2.46,0.56,9.97,1.55,0.42,0.22,0,-0.07,0.48,0.03,-3.73,-0.7,,,,,1.14,0.24,409.03,0.72,6.34,7.42,0.06,55.16,0.1,0.89
PDM5,hSalisbury,9.95,770.4,Mid,2.08,0.8,0,1.28,0,47.9,33.68,18.42,8.2,0.99,,,,,0.81,0.73,2.57,0.6,10.73,1.64,0.53,0.27,0,-0.08,0.59,0.07,-2.96,-0.61,,,,,1.09,0.25,476.49,0.84,7.38,6.34,0.06,75.21,0.14,1.21
NWA1,iOkehampton,10.05,1053.3,xHigh,11.31,2.37,1.2,3.59,4.15,49.09,22.88,28.03,6.37,0.94,0.38,3.8,8.51,261.78,0.69,0.42,5.78,0.71,13.15,0.52,0.38,0.31,0.04,-0.09,-0.63,0.25,0.42,0.13,-0.025226017,0.159928674,0.091695692,0.243824644,1.49,1.02,485.68,1.49,13.04,20.17,0.12,24.08,0.07,0.62
NWA2,iOkehampton,10.05,1053.3,xHigh,11.31,2.37,1.2,3.59,4.15,49.09,22.88,28.03,6.2,1.03,0.37,3.42,7.84,1255.68,0.67,0.08,4.43,0.49,8.86,0.04,0.21,0.41,0.01,-0.43,-1.97,0.03,-3.86,-0.35,0.011664241,0.216943992,0.090052775,0.265643332,,0.78,478.7,1.47,12.85,,0.08,,,
NWA3,iOkehampton,10.05,1053.3,xHigh,11.31,2.37,1.2,3.59,4.15,49.09,22.88,28.03,6.12,1.01,0.41,3.44,7.24,1286.66,0.74,0.61,4.74,0.31,13.61,0.48,0.13,0.38,0.08,0.1,-1.67,-0.16,0.88,0.09,-0.009422649,0.210174373,0.073309553,0.278656192,1.22,0.84,558.76,1.71,15,28.45,0.05,19.64,0.06,0.5
NWA4,iOkehampton,10.05,1053.3,xHigh,11.31,2.37,1.2,3.59,4.15,49.09,22.88,28.03,6.19,0.97,0.43,3.7,7.29,247.09,0.68,0.6,4.37,0.33,9.33,0.5,0.2,0.35,0.02,0.09,-2.04,-0.13,-3.4,0.11,-0.022584097,0.147173501,0.075410261,0.269313043,1.39,0.77,544.79,1.67,14.63,33.49,0.06,16.27,0.05,0.42
NWA5,iOkehampton,10.05,1053.3,xHigh,11.31,2.37,1.2,3.59,4.15,49.09,22.88,28.03,6.06,0.95,0.47,4.26,7.69,260.96,0.75,0.53,5.8,0.45,17.27,0.51,0.07,0.33,0.09,0.02,-0.61,-0.01,4.55,0.12,0.001408752,0.223173938,0.100240048,0.292703224,1.36,1.03,524.26,1.61,14.08,27.29,0.08,19.21,0.06,0.49
NWG1,iOkehampton,10.05,1053.3,Low,2.25,0,0.6,1.65,0,57.9,18.2,23.89,5.95,0.53,0.58,6.61,9.71,1277.04,0.7,0.44,6.71,0.62,16.01,0.49,-0.04,-0.1,0.05,-0.07,0.31,0.15,3.28,0.1,-0.172301826,0.103719012,-0.070519119,0.156420098,1.5,0.86,520.01,1.08,9.43,26.29,0.08,19.78,0.04,0.35
NWG2,iOkehampton,10.05,1053.3,Low,2.25,0,0.6,1.65,0,57.9,18.2,23.89,5.94,0.54,0.66,6.5,8.39,924.6,0.68,0.11,7.08,0.53,15.4,0.07,-0.04,-0.09,0.03,-0.4,0.68,0.07,2.67,-0.32,-0.179872735,0.080698362,-0.148205884,-0.00033706,2.08,0.91,579.5,1.2,10.51,55.65,0.07,10.41,0.02,0.18
NWG3,iOkehampton,10.05,1053.3,Low,2.25,0,0.6,1.65,0,57.9,18.2,23.89,5.83,0.76,0.59,6.07,8.83,562.3,0.66,0.47,6.88,0.33,13.56,0.3,-0.15,0.13,0.01,-0.04,0.48,-0.13,0.83,-0.09,-0.223988866,0.025455205,-0.165062763,0.040231111,1.39,0.89,644.2,1.33,11.68,46.77,0.04,13.77,0.03,0.24
NWG4,iOkehampton,10.05,1053.3,Low,2.25,0,0.6,1.65,0,57.9,18.2,23.89,6.17,0.69,0.41,4.12,8.57,924.65,0.58,0.93,5.55,0.38,7.7,,0.19,0.06,-0.08,0.42,-0.85,-0.08,-5.02,,-0.245254331,-0.034471379,-0.17720944,-0.029389608,,0.71,446.43,0.92,8.1,,0.05,,,
NWG5,iOkehampton,10.05,1053.3,Low,2.25,0,0.6,1.65,0,57.9,18.2,23.89,6.03,0.62,0.63,6.45,8.74,703.08,0.65,0.6,5.79,0.45,10.97,0.69,0.04,-0.01,0,0.09,-0.61,-0.01,-1.76,0.3,-0.178986041,0.081456235,-0.103793808,0.07201585,1.27,0.75,450.66,0.93,8.17,22.56,0.06,19.98,0.04,0.35
NWM1,iOkehampton,10.05,1053.3,Mid,7.68,2.81,2,2.87,0,48.96,25.1,25.94,5.96,0.66,0.5,5.31,9.09,389.14,0.72,0.28,5.27,0.65,13.64,0.25,-0.03,0.03,0.06,-0.23,-1.13,0.18,0.91,-0.13,0.024457228,0.218847449,0.115212179,0.267566375,,0.72,420.59,1.01,8.84,,0.08,,,
NWM2,iOkehampton,10.05,1053.3,Mid,7.68,2.81,2,2.87,0,48.96,25.1,25.94,6.03,0.77,0.53,5.29,8.52,298.2,0.72,0.47,5.41,0.32,13.96,0.28,0.05,0.14,0.06,-0.05,-1,-0.15,1.24,-0.11,-0.144640924,0.146737072,0.113870366,-0.109890257,1.45,0.73,453.27,1.09,9.53,40.18,0.04,11.28,0.03,0.23
NWM3,iOkehampton,10.05,1053.3,Mid,7.68,2.81,2,2.87,0,48.96,25.1,25.94,5.97,0.83,0.45,4.38,8.26,247.73,0.71,0.47,5.76,0.36,14.22,0.32,-0.02,0.2,0.05,-0.04,-0.64,-0.11,1.49,-0.06,-0.032829496,0.163812032,0.042543645,0.234800359,1.44,0.78,721.89,1.73,15.18,44.35,0.05,16.28,0.04,0.33
NWM4,iOkehampton,10.05,1053.3,Mid,7.68,2.81,2,2.87,0,48.96,25.1,25.94,6.03,0.84,0.45,4.63,8.79,1312.08,0.55,0.54,5.37,0.52,6.47,0.61,0.05,0.22,-0.11,0.03,-1.03,0.06,-6.25,0.22,-0.136171144,0.125669046,0.110845532,-0.125535671,0.92,0.73,426.06,1.02,8.96,7.93,0.07,53.73,0.12,1.09
NWM5,iOkehampton,10.05,1053.3,Mid,7.68,2.81,2,2.87,0,48.96,25.1,25.94,5.96,0.87,0.45,4.42,8.47,1255.27,0.75,0.51,5.11,0.65,15.36,0.67,-0.02,0.24,0.09,0,-1.3,0.18,2.64,0.28,-0.012168038,0.207252506,0.071138639,0.208800014,1.45,0.69,702.21,1.69,14.76,23.36,0.08,30.07,0.07,0.61